<?xml version="1.0" encoding="UTF-8"?>
<!DOCTYPE configuration PUBLIC "-//mybatis.org//DTD Config 3.0//EN"
"http://mybatis.org/dtd/mybatis-3-config.dtd">
<configuration>
	<typeAliases>
		<typeAlias type="domain.memberVO" alias="mvo"/>
		<typeAlias type="domain.boardVO" alias="bvo"/>
		<typeAlias type="domain.pagingVO" alias="pgvo"/>
		<typeAlias type="domain.CommentVO" alias="cvo"/>
	</typeAliases>
	<environments default="development">
		<environment id="development">
			<transactionManager type="JDBC"/>
			<dataSource type="POOLED">
				<property name="driver" value="com.mysql.cj.jdbc.Driver" />
				<property name="url" value="jdbc:mysql://localhost:3306/javadb" />
				<property name="username" value="javauser" />
				<property name="password" value="mysql" />
			</dataSource>
		</environment>
	</environments>
		<mappers>
			<mapper resource="mapper/memberMapper.xml"/>
			<mapper resource="mapper/boardMapper.xml" />
			<mapper resource="mapper/commentMapper.xml" />
		</mappers>
</configuration>