<?xml version="1.0" encoding="UTF-8"?>
<!DOCTYPE mapper PUBLIC "-//mybatis.org/DTD Mapper 3.0//EN"
"http://mybatis.org/dtd/mybatis-3-mapper.dtd">
<mapper namespace="boardMapper">

<insert id="insert" parameterType="bvo">
	insert into board (title,writer,content)
	values (#{title},#{writer},#{content})
</insert>

<select id="list" resultType="bvo">
	select * from board order by bno desc
</select>

<select id="detail" parameterType="int" resultType="bvo">
	select * from board where bno=#{bno}
</select>

<update id="update" parameterType="bvo">
	update board set title=#{title}, content=#{content}, regdate=now() where bno=#{bno}
</update>

<delete id="delete" parameterType="int">
	delete from board where bno=#{bno}
</delete>

<update id="updateCount" parameterType="int">
	update board set read_count= read_count+1 where bno=#{bno}
</update>

<select id="cnt" resultType="int">
	select count(bno) from board;
</select>

<select id="pagingList" parameterType="pgvo" resultType="bvo">
	select bno, title, writer, regdate, read_count from board order by bno desc
	limit #{pageStart}, #{qty}
</select>
</mapper>
